6d7587cc-10b4-360f-8aef-1542b35305d8, 2019-07-07 08:46:46, c48cf79d-61b9-3314-92e2-c2a035df645b, Or Enscrmesa..abc Kn, 1, Carlos, Sommer, Karsten-Hummel-Weg 64c, Goch, 31093, ikruse@reimer.com,
6d7587cc-10b4-360f-8aef-1542b35305d8, 2019-07-07 08:46:46, c48cf79d-61b9-3314-92e2-c2a035df645b, Or Enscrmesa..abc Kn, 1, Carlos, Sommer, Karsten-Hummel-Weg 64c, Goch, 31093, ikruse@reimer.com,
6d7587cc-10b4-360f-8aef-1542b35305d8, 2019-07-07 08:46:46, 375fb562-4086-352c-aab9-63f63aec503c, Neiiaaxmas Idlhcm, 1, Carlos, Sommer, Karsten-Hummel-Weg 64c, Goch, 31093, ikruse@reimer.com,
6d7587cc-10b4-360f-8aef-1542b35305d8, 2019-07-07 08:46:46, 38c82f0b-200c-35ad-a8ff-51663b14909a, Aniees Nelyrabe, 1, Carlos, Sommer, Karsten-Hummel-Weg 64c, Goch, 31093, ikruse@reimer.com,
6d7587cc-10b4-360f-8aef-1542b35305d8, 2019-07-07 08:46:46, 6038bd0d-a16a-3cbc-bf4d-452af9f324c5, Em Rirlrchbat Leeh, 1, Carlos, Sommer, Karsten-Hummel-Weg 64c, Goch, 31093, ikruse@reimer.com,
6d7587cc-10b4-360f-8aef-1542b35305d8, 2019-07-07 08:46:46, 5b0c1396-673a-3d1d-9299-fca8639188a8, E Tsacipjtthu, 1, Carlos, Sommer, Karsten-Hummel-Weg 64c, Goch, 31093, ikruse@reimer.com,
6d7587cc-10b4-360f-8aef-1542b35305d8, 2019-07-07 08:46:46, 5c04b361-d06b-343e-9ac6-89b9ff389132, Crebsk?rv T?enne, 1, Carlos, Sommer, Karsten-Hummel-Weg 64c, Goch, 31093, ikruse@reimer.com,
507f8f44-c925-35a6-8e2f-45b46884b15e, 2019-07-07 05:22:53, add52935-a605-30d5-8f17-67d72f88cbc3, Geresi Jeegs, 1, Willy, Bachmann, Neubertgasse 12b, Gera, 19247, friedrich67@seidl.com,
507f8f44-c925-35a6-8e2f-45b46884b15e, 2019-07-07 05:22:53, add52935-a605-30d5-8f17-67d72f88cbc3, Geresi Jeegs, 1, Willy, Bachmann, Neubertgasse 12b, Gera, 19247, friedrich67@seidl.com,
507f8f44-c925-35a6-8e2f-45b46884b15e, 2019-07-07 05:22:53, e7a8dbc9-21f7-3213-8e30-817bfc457cb8, Hkahnr Tr.d Ldneerer, 1, Willy, Bachmann, Neubertgasse 12b, Gera, 19247, friedrich67@seidl.com,
507f8f44-c925-35a6-8e2f-45b46884b15e, 2019-07-07 05:22:53, 65a3f03e-1fba-39f4-8c9e-15b5878848bc, Rdhedor Hakeec, 1, Willy, Bachmann, Neubertgasse 12b, Gera, 19247, friedrich67@seidl.com,
507f8f44-c925-35a6-8e2f-45b46884b15e, 2019-07-07 05:22:53, 28fa18a4-e25c-3849-833a-0116bd1baf2d, Otefhs? Ech?r, 1, Willy, Bachmann, Neubertgasse 12b, Gera, 19247, friedrich67@seidl.com,
507f8f44-c925-35a6-8e2f-45b46884b15e, 2019-07-07 05:22:53, f661b6cc-d776-3e1e-95bc-e9061cc4a4a4, Tehpk N.faebracrod L  .erro.r, 1, Willy, Bachmann, Neubertgasse 12b, Gera, 19247, friedrich67@seidl.com,
c0392797-5f34-30e0-8197-d4a65b98afbb, 2019-07-06 21:47:43, 880b9932-93d1-38a9-a1a9-68ed86007804, .mrdh Easu.bat Ina Eb, 1, Claus, Pohl, Selma-Kramer-Platz 6a, Würselen, 29321, pieper.robin@thomas.com,
c0392797-5f34-30e0-8197-d4a65b98afbb, 2019-07-06 21:47:43, 880b9932-93d1-38a9-a1a9-68ed86007804, .mrdh Easu.bat Ina Eb, 1, Claus, Pohl, Selma-Kramer-Platz 6a, Würselen, 29321, pieper.robin@thomas.com,
c0392797-5f34-30e0-8197-d4a65b98afbb, 2019-07-06 21:47:43, 74651ea4-ddbb-37ec-86fa-e1b43899bf63, Emertapr B.agi?draao.rb?.f N.hr Gurl  F, 1, Claus, Pohl, Selma-Kramer-Platz 6a, Würselen, 29321, pieper.robin@thomas.com,
c0392797-5f34-30e0-8197-d4a65b98afbb, 2019-07-06 21:47:43, 7d5851ab-6feb-3889-89f0-c52699918908, Ao.a H.smtetbserhcs, 1, Claus, Pohl, Selma-Kramer-Platz 6a, Würselen, 29321, pieper.robin@thomas.com,
0e3fc934-7c78-3a93-b13b-367fd8fa6a1f, 2019-07-07 01:42:49, f68572eb-1a1b-3984-aec0-3675c31ace5c, N Sblaw.kme Alukir, 1, Käthe, Moser, Centa-Pietsch-Straße 6b, Merseburg, 74055, buttner.rupert@gmail.com,
0e3fc934-7c78-3a93-b13b-367fd8fa6a1f, 2019-07-07 01:42:49, f68572eb-1a1b-3984-aec0-3675c31ace5c, N Sblaw.kme Alukir, 1, Käthe, Moser, Centa-Pietsch-Straße 6b, Merseburg, 74055, buttner.rupert@gmail.com,
0e3fc934-7c78-3a93-b13b-367fd8fa6a1f, 2019-07-07 01:42:49, a6539a3a-056f-34b6-8a27-af1e4ee135f5, Rkeot-Hppmrh Uo, 1, Käthe, Moser, Centa-Pietsch-Straße 6b, Merseburg, 74055, buttner.rupert@gmail.com,
0e3fc934-7c78-3a93-b13b-367fd8fa6a1f, 2019-07-07 01:42:49, 42ef0146-f085-38d2-95e7-9b57bb646331, Izgel Afru, 1, Käthe, Moser, Centa-Pietsch-Straße 6b, Merseburg, 74055, buttner.rupert@gmail.com,
6829ada7-8a2a-39e9-8c10-f19bc44c2e08, 2019-07-06 09:03:01, fd6fdbd6-f77a-31ea-9c55-e7941dba2d90, .ii Ag.ennr Tnnebhw, 1, Madeleine, May, Gretel-Marx-Ring 83c, Enger, 27203, heike46@bartels.com,
6829ada7-8a2a-39e9-8c10-f19bc44c2e08, 2019-07-06 09:03:01, fd6fdbd6-f77a-31ea-9c55-e7941dba2d90, .ii Ag.ennr Tnnebhw, 1, Madeleine, May, Gretel-Marx-Ring 83c, Enger, 27203, heike46@bartels.com,
6829ada7-8a2a-39e9-8c10-f19bc44c2e08, 2019-07-06 09:03:01, 0038fe39-882d-3457-b90d-1b9ef2be3ff4, Tbhacb?vrn?ie K ..te, 1, Madeleine, May, Gretel-Marx-Ring 83c, Enger, 27203, heike46@bartels.com,
6829ada7-8a2a-39e9-8c10-f19bc44c2e08, 2019-07-06 09:03:01, e216a3da-ba8d-363e-b39e-2802b863159a, Ra Ereudb-Greirteeermrg, 1, Madeleine, May, Gretel-Marx-Ring 83c, Enger, 27203, heike46@bartels.com,
6829ada7-8a2a-39e9-8c10-f19bc44c2e08, 2019-07-06 09:03:01, 8e1c7f01-6756-3e50-926b-f02996687b77, Elijhcasaan Qeue, 1, Madeleine, May, Gretel-Marx-Ring 83c, Enger, 27203, heike46@bartels.com,
9fed60c9-4949-34a9-90f7-b5f2efead90a, 2019-07-07 23:33:15, 4f5e12de-3f17-315c-b1bc-35c3cc1a5cf4, T .e Rvn.saggsbeo, 1, Gertrud, Beer, Ahrensweg 2/1, Waiblingen, 14896, lukas81@web.de,
9fed60c9-4949-34a9-90f7-b5f2efead90a, 2019-07-07 23:33:15, 4f5e12de-3f17-315c-b1bc-35c3cc1a5cf4, T .e Rvn.saggsbeo, 1, Gertrud, Beer, Ahrensweg 2/1, Waiblingen, 14896, lukas81@web.de,
9fed60c9-4949-34a9-90f7-b5f2efead90a, 2019-07-07 23:33:15, c264208f-cf9b-3ccb-b779-801975e6db36, Aeihmsehrien Hhr-Entlcnt, 1, Gertrud, Beer, Ahrensweg 2/1, Waiblingen, 14896, lukas81@web.de,
4a74043b-1806-3ebd-96ea-7d34eec28674, 2019-07-06 21:25:09, 8df59201-bf82-399d-a45b-0fd95cefe5fa, Tn Sa Rrehtdb.seh.oacer, 1, Daniela, Zander, Ines-Heck-Gasse 2b, Wittmund, 00984, kromer@gunther.de,
4a74043b-1806-3ebd-96ea-7d34eec28674, 2019-07-06 21:25:09, 8df59201-bf82-399d-a45b-0fd95cefe5fa, Tn Sa Rrehtdb.seh.oacer, 1, Daniela, Zander, Ines-Heck-Gasse 2b, Wittmund, 00984, kromer@gunther.de,
4a74043b-1806-3ebd-96ea-7d34eec28674, 2019-07-06 21:25:09, 09cd2440-8899-3703-8d83-dd575dba7940, Mmaas Daartho Nb.s, 1, Daniela, Zander, Ines-Heck-Gasse 2b, Wittmund, 00984, kromer@gunther.de,
4a74043b-1806-3ebd-96ea-7d34eec28674, 2019-07-06 21:25:09, f43dc45e-a348-3e5a-875a-8cd72c590b4c, I.tdhebctas Frao ., 1, Daniela, Zander, Ines-Heck-Gasse 2b, Wittmund, 00984, kromer@gunther.de,
4a74043b-1806-3ebd-96ea-7d34eec28674, 2019-07-06 21:25:09, a69dfba8-977f-38c8-b567-67a462dd7fa1, Cdtl? Ernyh?as, 1, Daniela, Zander, Ines-Heck-Gasse 2b, Wittmund, 00984, kromer@gunther.de,
8586e819-7862-3397-beca-32e464bdfb33, 2019-07-07 18:32:16, 21d08ee2-32ad-3c9c-91d2-3d49b46c9699, I Hmeh Eckh.ebta, 1, Willy, Bachmann, Neubertgasse 12b, Gera, 19247, friedrich67@seidl.com,
8586e819-7862-3397-beca-32e464bdfb33, 2019-07-07 18:32:16, 21d08ee2-32ad-3c9c-91d2-3d49b46c9699, I Hmeh Eckh.ebta, 1, Willy, Bachmann, Neubertgasse 12b, Gera, 19247, friedrich67@seidl.com,
8586e819-7862-3397-beca-32e464bdfb33, 2019-07-07 18:32:16, 3dc2d7d7-af64-33da-9d6d-00f291f303b1, G? .b Hirdhnnn?rreene Hr, 1, Willy, Bachmann, Neubertgasse 12b, Gera, 19247, friedrich67@seidl.com,
8586e819-7862-3397-beca-32e464bdfb33, 2019-07-07 18:32:16, ac9aec3e-7df6-3d20-8186-d63d2893c060, Przan Eefndfrrfe-Yihe, 1, Willy, Bachmann, Neubertgasse 12b, Gera, 19247, friedrich67@seidl.com,
8586e819-7862-3397-beca-32e464bdfb33, 2019-07-07 18:32:16, c2da060b-db5b-3ad3-ab00-fc6850c09b45, Dn? Srn Agnhbreaj?, 1, Willy, Bachmann, Neubertgasse 12b, Gera, 19247, friedrich67@seidl.com,
437d6c16-77fa-31c1-82c9-e67c386ec17c, 2019-07-07 19:13:48, 84b8d96a-d2a1-3f0c-98dd-7801ee2568d1, A.hel Lbdiosme Ryb, 1, Gertrud, Beer, Ahrensweg 2/1, Waiblingen, 14896, lukas81@web.de,
437d6c16-77fa-31c1-82c9-e67c386ec17c, 2019-07-07 19:13:48, 84b8d96a-d2a1-3f0c-98dd-7801ee2568d1, A.hel Lbdiosme Ryb, 1, Gertrud, Beer, Ahrensweg 2/1, Waiblingen, 14896, lukas81@web.de,
437d6c16-77fa-31c1-82c9-e67c386ec17c, 2019-07-07 19:13:48, c22513bb-8888-3f50-9062-971d32127f63, Tfimrespch-Eem Su, 1, Gertrud, Beer, Ahrensweg 2/1, Waiblingen, 14896, lukas81@web.de,
437d6c16-77fa-31c1-82c9-e67c386ec17c, 2019-07-07 19:13:48, b3a40f39-8bbe-31a4-8435-5fb95325ba23, Nmn. Rn Aua R Faemaa.datbhr, 1, Gertrud, Beer, Ahrensweg 2/1, Waiblingen, 14896, lukas81@web.de,
437d6c16-77fa-31c1-82c9-e67c386ec17c, 2019-07-07 19:13:48, 7874bda1-8e30-39e8-9602-ca9b1766c11d, Jarezd Novtg, 1, Gertrud, Beer, Ahrensweg 2/1, Waiblingen, 14896, lukas81@web.de,
437d6c16-77fa-31c1-82c9-e67c386ec17c, 2019-07-07 19:13:48, 3c88ba6b-d0d1-3cf6-8baa-0f381236b1bb, Enutbaends-Rure Ahie, 1, Gertrud, Beer, Ahrensweg 2/1, Waiblingen, 14896, lukas81@web.de,
c5d9a971-6be4-3d27-bece-a4d6efb56ed3, 2019-07-07 00:15:04, 78a1a9e8-d89e-30c6-bd02-0c145bc89c2e, Rldnriir Lwlwhieuehc, 1, Christian, Weise, Blockstr. 4, Dülmen, 02712, franke.helfried@live.de,
c5d9a971-6be4-3d27-bece-a4d6efb56ed3, 2019-07-07 00:15:04, 78a1a9e8-d89e-30c6-bd02-0c145bc89c2e, Rldnriir Lwlwhieuehc, 1, Christian, Weise, Blockstr. 4, Dülmen, 02712, franke.helfried@live.de,
c5d9a971-6be4-3d27-bece-a4d6efb56ed3, 2019-07-07 00:15:04, 00542e7b-e611-373b-a7ab-c92dff2a3217, In Lgoanl, 1, Christian, Weise, Blockstr. 4, Dülmen, 02712, franke.helfried@live.de,
c5d9a971-6be4-3d27-bece-a4d6efb56ed3, 2019-07-07 00:15:04, dfb7a68a-7ac2-382b-b096-6def12b572ae, Rlp Irluhhca, 1, Christian, Weise, Blockstr. 4, Dülmen, 02712, franke.helfried@live.de,
c5d9a971-6be4-3d27-bece-a4d6efb56ed3, 2019-07-07 00:15:04, 790418d1-4db9-381f-bd1b-7f72b098bd9f, Eisewnt Re.escb .ebkp, 1, Christian, Weise, Blockstr. 4, Dülmen, 02712, franke.helfried@live.de,
e98f86b7-163f-3a5f-a309-a8bfb81c328c, 2019-07-06 09:13:40, 6d27418f-8760-3f07-ac53-22540225a453, Ehgneuaarl   Bkl.fiuc.ne, 1, Bodo, Kunz, Kirschplatz 9a, Vreden, 41011, fwendt@t-online.de,
e98f86b7-163f-3a5f-a309-a8bfb81c328c, 2019-07-06 09:13:40, 6d27418f-8760-3f07-ac53-22540225a453, Ehgneuaarl   Bkl.fiuc.ne, 1, Bodo, Kunz, Kirschplatz 9a, Vreden, 41011, fwendt@t-online.de,
e98f86b7-163f-3a5f-a309-a8bfb81c328c, 2019-07-06 09:13:40, 5b222e92-2ae4-3823-b4ec-cf3dc039b126, I Rmloesiafefrenepnlre-, 1, Bodo, Kunz, Kirschplatz 9a, Vreden, 41011, fwendt@t-online.de,
e98f86b7-163f-3a5f-a309-a8bfb81c328c, 2019-07-06 09:13:40, 7870134c-3358-3573-b9c6-26bdedfcbdff, Aurabdanr In, 1, Bodo, Kunz, Kirschplatz 9a, Vreden, 41011, fwendt@t-online.de,
e2112991-f194-37a3-aa04-4690802f89a0, 2019-07-06 23:10:22, 01a395ac-510b-35b3-9a33-e79121bc78c9, N Nrjnauebsso, 1, Berndt, Kroll, Ivan-Steinbach-Gasse 9c, Gladbeck, 70699, fsteffen@gmail.com,
e2112991-f194-37a3-aa04-4690802f89a0, 2019-07-06 23:10:22, 01a395ac-510b-35b3-9a33-e79121bc78c9, N Nrjnauebsso, 1, Berndt, Kroll, Ivan-Steinbach-Gasse 9c, Gladbeck, 70699, fsteffen@gmail.com,
e2112991-f194-37a3-aa04-4690802f89a0, 2019-07-06 23:10:22, c3b8d8ca-5ddf-365a-b72c-4bb60b6c9d3c, Ersabn?th?-E?bte? In, 1, Berndt, Kroll, Ivan-Steinbach-Gasse 9c, Gladbeck, 70699, fsteffen@gmail.com,
e2112991-f194-37a3-aa04-4690802f89a0, 2019-07-06 23:10:22, eccba051-56db-3fa4-9b8d-37ce60148be5, Reacm ?idel?arh, 1, Berndt, Kroll, Ivan-Steinbach-Gasse 9c, Gladbeck, 70699, fsteffen@gmail.com,
e2112991-f194-37a3-aa04-4690802f89a0, 2019-07-06 23:10:22, 30d9a904-659a-31e9-b6f9-09153ace9476, A?rel?iremevll, 1, Berndt, Kroll, Ivan-Steinbach-Gasse 9c, Gladbeck, 70699, fsteffen@gmail.com,
e2112991-f194-37a3-aa04-4690802f89a0, 2019-07-06 23:10:22, 1dca3099-714c-30c3-93e3-1993f769adad, Iaolsli Ghttvckas, 1, Berndt, Kroll, Ivan-Steinbach-Gasse 9c, Gladbeck, 70699, fsteffen@gmail.com,
c5984f88-c165-36b6-b79a-fd863c50b0a6, 2019-07-07 19:54:13, ab8fa89b-04a6-35c6-bf8b-0f1f93cca956, D Dnariaajno, 1, Willy, Bachmann, Neubertgasse 12b, Gera, 19247, friedrich67@seidl.com,
c5984f88-c165-36b6-b79a-fd863c50b0a6, 2019-07-07 19:54:13, ab8fa89b-04a6-35c6-bf8b-0f1f93cca956, D Dnariaajno, 1, Willy, Bachmann, Neubertgasse 12b, Gera, 19247, friedrich67@seidl.com,
ed11700d-3800-3869-b8f8-874a76be5607, 2019-07-07 04:21:29, 863a8ea1-0e0a-3ceb-97a8-d10748cf9ca7, Aeben-Neojissrerh Mfcrh, 1, Gertrud, Beer, Ahrensweg 2/1, Waiblingen, 14896, lukas81@web.de,
ed11700d-3800-3869-b8f8-874a76be5607, 2019-07-07 04:21:29, 863a8ea1-0e0a-3ceb-97a8-d10748cf9ca7, Aeben-Neojissrerh Mfcrh, 1, Gertrud, Beer, Ahrensweg 2/1, Waiblingen, 14896, lukas81@web.de,
ed11700d-3800-3869-b8f8-874a76be5607, 2019-07-07 04:21:29, e0f25fd0-f3e3-36d5-9a57-48fbd1794055, Abnyhrec Herlirai-K, 1, Gertrud, Beer, Ahrensweg 2/1, Waiblingen, 14896, lukas81@web.de,
eb174deb-72ba-3d0b-9efc-8bbcef60368c, 2019-07-07 21:51:01, d75c59b9-daa2-3a93-8330-18ada80618ea, Prfpw Lau, 1, Daniela, Zander, Ines-Heck-Gasse 2b, Wittmund, 00984, kromer@gunther.de,
eb174deb-72ba-3d0b-9efc-8bbcef60368c, 2019-07-07 21:51:01, d75c59b9-daa2-3a93-8330-18ada80618ea, Prfpw Lau, 1, Daniela, Zander, Ines-Heck-Gasse 2b, Wittmund, 00984, kromer@gunther.de,
bea3e942-9844-3e7f-a896-3d0cd6f9861e, 2019-07-07 16:57:43, 681869dc-372f-3f12-9cf3-969d96844655, Uiusga-Shm Oanarl, 1, Christian, Weise, Blockstr. 4, Dülmen, 02712, franke.helfried@live.de,
bea3e942-9844-3e7f-a896-3d0cd6f9861e, 2019-07-07 16:57:43, 681869dc-372f-3f12-9cf3-969d96844655, Uiusga-Shm Oanarl, 1, Christian, Weise, Blockstr. 4, Dülmen, 02712, franke.helfried@live.de,
bea3e942-9844-3e7f-a896-3d0cd6f9861e, 2019-07-07 16:57:43, 704f63f3-9d57-3527-8f24-605e3972136c, Aas-Nmkmrcbajcom Eane, 1, Christian, Weise, Blockstr. 4, Dülmen, 02712, franke.helfried@live.de,
bea3e942-9844-3e7f-a896-3d0cd6f9861e, 2019-07-07 16:57:43, af078f1e-6f38-3dea-b661-db02ad85985c, Tsrre .rrhue.hwmegb N Nld.ei E, 1, Christian, Weise, Blockstr. 4, Dülmen, 02712, franke.helfried@live.de,
bea3e942-9844-3e7f-a896-3d0cd6f9861e, 2019-07-07 16:57:43, 636cb466-b157-3163-8d2f-224a11fadd36, Brr. Rrmm Epoifom.her Lfz A, 1, Christian, Weise, Blockstr. 4, Dülmen, 02712, franke.helfried@live.de,
bea3e942-9844-3e7f-a896-3d0cd6f9861e, 2019-07-07 16:57:43, 253bf8b9-1462-352b-aeef-0c6a1817cd2d, .angb. Ol Esnyzbe, 1, Christian, Weise, Blockstr. 4, Dülmen, 02712, franke.helfried@live.de,
cf059957-9a54-3016-841d-2f435b3812f5, 2019-07-07 10:41:45, 3109ab3d-4652-3044-bee2-b29511ee22fb, Grnthgmenaiab. E N, 1, Gertrud, Beer, Ahrensweg 2/1, Waiblingen, 14896, lukas81@web.de,
cf059957-9a54-3016-841d-2f435b3812f5, 2019-07-07 10:41:45, 3109ab3d-4652-3044-bee2-b29511ee22fb, Grnthgmenaiab. E N, 1, Gertrud, Beer, Ahrensweg 2/1, Waiblingen, 14896, lukas81@web.de,
cf059957-9a54-3016-841d-2f435b3812f5, 2019-07-07 10:41:45, 8b547b21-aa72-32a9-8331-8886d37d3c0d, Strnphp He..oee Rj Rorfsdh.sc. P Ba, 1, Gertrud, Beer, Ahrensweg 2/1, Waiblingen, 14896, lukas81@web.de,
cf059957-9a54-3016-841d-2f435b3812f5, 2019-07-07 10:41:45, eee37004-4e8f-33c9-91ae-9a81a490bac2, Sl Ld-Nekeroeuoarinb, 1, Gertrud, Beer, Ahrensweg 2/1, Waiblingen, 14896, lukas81@web.de,
cf059957-9a54-3016-841d-2f435b3812f5, 2019-07-07 10:41:45, 846f4659-6a75-3d05-87c4-532305fb7393, Edjhantoer, 1, Gertrud, Beer, Ahrensweg 2/1, Waiblingen, 14896, lukas81@web.de,
cf059957-9a54-3016-841d-2f435b3812f5, 2019-07-07 10:41:45, 59350e06-6298-3549-91e7-ebc9974fb186, Seuadajnra Anrd F, 1, Gertrud, Beer, Ahrensweg 2/1, Waiblingen, 14896, lukas81@web.de,
63124340-7bd8-3893-b79e-638e5a71959e, 2019-07-07 04:47:28, 55d92f04-7eee-3537-9714-60cf23f7d554, Twsohaor Lkefftnl-, 1, Bodo, Kunz, Kirschplatz 9a, Vreden, 41011, fwendt@t-online.de,
63124340-7bd8-3893-b79e-638e5a71959e, 2019-07-07 04:47:28, 55d92f04-7eee-3537-9714-60cf23f7d554, Twsohaor Lkefftnl-, 1, Bodo, Kunz, Kirschplatz 9a, Vreden, 41011, fwendt@t-online.de,
63124340-7bd8-3893-b79e-638e5a71959e, 2019-07-07 04:47:28, d9199d5e-d2b8-3925-87d1-c8c8fe714305, Lmadnbee Tgaza, 1, Bodo, Kunz, Kirschplatz 9a, Vreden, 41011, fwendt@t-online.de,
63124340-7bd8-3893-b79e-638e5a71959e, 2019-07-07 04:47:28, 3a993d99-4b14-3cde-9d5a-6691a2326ae1, Rnuosib Char, 1, Bodo, Kunz, Kirschplatz 9a, Vreden, 41011, fwendt@t-online.de,
4a1d3453-944a-3c87-b7a5-11cc6989e8a6, 2019-07-07 15:39:19, 14e535f4-8095-34c3-b958-c1a1de7b225b, Kineetswuergh- E, 1, Carlos, Sommer, Karsten-Hummel-Weg 64c, Goch, 31093, ikruse@reimer.com,
4a1d3453-944a-3c87-b7a5-11cc6989e8a6, 2019-07-07 15:39:19, 14e535f4-8095-34c3-b958-c1a1de7b225b, Kineetswuergh- E, 1, Carlos, Sommer, Karsten-Hummel-Weg 64c, Goch, 31093, ikruse@reimer.com,
4a1d3453-944a-3c87-b7a5-11cc6989e8a6, 2019-07-07 15:39:19, 3e53eee9-2e08-3515-82af-b43da050a7f4, Oidu Fpfte .  Tad.rnanrbrar, 1, Carlos, Sommer, Karsten-Hummel-Weg 64c, Goch, 31093, ikruse@reimer.com,
4a1d3453-944a-3c87-b7a5-11cc6989e8a6, 2019-07-07 15:39:19, 2ee428ed-6a5b-3fdc-93b4-ef012c1f2672, Uur Fnide-Ltrmredeawir, 1, Carlos, Sommer, Karsten-Hummel-Weg 64c, Goch, 31093, ikruse@reimer.com,
4a1d3453-944a-3c87-b7a5-11cc6989e8a6, 2019-07-07 15:39:19, 5f49e6f7-b4a6-3643-b7a1-45363258bd1f, Sasxa Jemnn, 1, Carlos, Sommer, Karsten-Hummel-Weg 64c, Goch, 31093, ikruse@reimer.com,
4a1d3453-944a-3c87-b7a5-11cc6989e8a6, 2019-07-07 15:39:19, 8eacb095-4afc-3a1e-86a8-aaab632e0c7b, Nskantmhorlihhataben-R, 1, Carlos, Sommer, Karsten-Hummel-Weg 64c, Goch, 31093, ikruse@reimer.com,
4a1d3453-944a-3c87-b7a5-11cc6989e8a6, 2019-07-07 15:39:19, 45239d30-3853-3c7e-8c15-38a793af74ac, Akcnu Iorsaerl, 1, Carlos, Sommer, Karsten-Hummel-Weg 64c, Goch, 31093, ikruse@reimer.com,
7bfbedfc-83cf-3c0e-bbe7-f8db471c8d16, 2019-07-07 14:17:14, e58d5fb3-a24b-32f6-9de5-a071227b369e, Ab . Rd F..ulivaer Ztu, 1, Willy, Bachmann, Neubertgasse 12b, Gera, 19247, friedrich67@seidl.com,
7bfbedfc-83cf-3c0e-bbe7-f8db471c8d16, 2019-07-07 14:17:14, e58d5fb3-a24b-32f6-9de5-a071227b369e, Ab . Rd F..ulivaer Ztu, 1, Willy, Bachmann, Neubertgasse 12b, Gera, 19247, friedrich67@seidl.com,
7bfbedfc-83cf-3c0e-bbe7-f8db471c8d16, 2019-07-07 14:17:14, 92987ba5-9f0b-3fad-8e30-6a63ec3cd148, Lkviiaoirte K, 1, Willy, Bachmann, Neubertgasse 12b, Gera, 19247, friedrich67@seidl.com,
